file_id,signal__n_samples,signal__mean,signal__std,signal__rms,signal__min,signal__max,signal__range,signal__skewness,signal__kurtosis,difference__std,difference__rms,difference__mean_abs,difference__max_abs,signal__zero_crossing_rate,signal__q001,signal__q005,signal__q01,signal__q05,signal__q10,signal__q25,signal__median,signal__q75,signal__q90,signal__q95,signal__q99,signal__q995,signal__q999,absolute_centered__q50,absolute_centered__q75,absolute_centered__q90,absolute_centered__q95,absolute_centered__q99,absolute_centered__q995,absolute_centered__q999,absolute_centered__q9999,block_range__mean,block_range__std,block_range__min,block_range__q10,block_range__q25,block_range__median,block_range__q75,block_range__q90,block_range__q95,block_range__q99,block_range__max,rainflow__cycle_count,rainflow__maximum_range,rainflow__mean_range,rainflow__std_range,rainflow__mean_cycle_stress,rainflow__range_q50,rainflow__range_q75,rainflow__range_q90,rainflow__range_q95,rainflow__range_q99,rainflow__range_q999,rainflow__miner_proxy_m3,rainflow__equivalent_amplitude_m3,rainflow__miner_proxy_m4,rainflow__equivalent_amplitude_m4,rainflow__miner_proxy_m5,rainflow__equivalent_amplitude_m5,rainflow__miner_proxy_m6,rainflow__equivalent_amplitude_m6,rainflow__miner_proxy_m7,rainflow__equivalent_amplitude_m7
train01.csv,581120.0,5.935076837195951,8.63142014337503,10.475044188683889,-19.34373,39.39125,58.73498,-0.30433240383150184,0.014220077753871685,0.841824219049292,0.8418242191897826,0.6555962488779097,7.77151747,0.0400107379039405,-17.011843,-16.023605,-15.473143,-10.280573,-5.7338233,1.1274768,5.877941,12.123761,16.622833,19.721903,23.692183,25.13986,29.335526,5.7595821628040484,9.70385516280405,14.642274837195952,17.76144116280405,21.62493783719595,22.18682716280405,23.947641210196174,31.12429316280405,16.87923762572656,8.731228576684709,2.336223500000001,2.9993809999999996,10.70479925,16.25387025,23.205108924999998,28.44037179,30.428761049999995,36.159788290000016,37.934367,179168.0,58.73498,1.0631905154706254,1.1517227721070165,5.856656781957908,0.7801869999999997,1.3349849999999996,2.0024770000000007,2.661301,4.876161,13.159133299999999,408161.89139278664,1.3158023851775584,4382418.516531555,2.223890251078835,76393253.99224658,3.357058526158991,1634078445.2237368,4.5709037449552525,38693890136.03499,5.7816868302416005
train02.csv,581120.0,-7.732027950401875,10.75398131980988,13.245088540761653,-37.650806,25.297182,62.947988,0.1793836352945813,0.7433073793499303,0.5247498620304306,0.5247498624656393,0.39134608853421754,15.8549847,0.03326857321822208,-32.552383893,-30.609812,-29.840237,-27.880156,-25.715986,-11.272601,-8.015717,-3.8021774,5.1053557,12.580031,21.151672,21.717163,22.911919,3.615216650401875,12.063555650401874,20.156631049598126,22.439849049598124,28.883699950401876,29.449190950401874,30.643946950401876,31.621860950401874,13.937054618671876,9.054762690891291,1.8495355999999994,2.25133089,7.727657499999999,12.260081,19.288317585,26.7281288,32.5411971,37.44310404000001,38.976304999999996,165818.0,62.947988,0.6857477705162167,0.9907842355866604,-7.708126244294667,0.4379349999999995,0.8673690000000001,1.4158511000000003,1.9600829999999991,4.341093900000001,10.212838999999999,296909.81236986164,1.214313880360822,4641921.415198404,2.300204918729359,108135203.18729576,3.6548291964603847,2847750564.4169564,5.079391786061434,78672777367.69789,6.469708106780106
train03.csv,581120.0,1.926783167282217,9.019780884320642,9.223282527109216,-28.079456,29.944937,58.024393,-0.1916012186416521,0.6611572628226274,0.6692390464392846,0.669239046458161,0.520277499314075,7.16004106,0.08404474814969051,-24.308107,-23.440739,-22.896507,-14.864844,-8.776259,-2.5941331,1.9638029,5.9562488,15.420769,18.465061,21.373297,22.03658,23.97489689300022,4.271818532717783,10.052515167282216,16.583715817282364,19.263686832717784,24.823290167282217,25.448306167282215,26.33693316728222,27.43389716728222,13.839329545624999,9.248007990848153,2.4958101,2.7169040640000004,5.80690425,13.6801861,18.909906499999998,25.350968401999992,28.949484799999997,40.23904725000001,49.48677,173099.0,58.024393,0.8733243407642333,1.0453584056287366,1.9443545847202988,0.6505266000000001,1.088462999999999,1.7389885,2.1726730000000014,4.6727346,11.326811000000001,324660.33966775535,1.2332323065062938,4125293.4438367477,2.2094799856805865,82782590.99591322,3.435017004023655,1936582230.0365171,4.729227764475515,48101326911.59491,5.993695044851027
train04.csv,581120.0,-2.4779050628525248,6.969851630661143,7.397218751256446,-54.09785,38.48947,92.58732,0.11237932304285031,0.20642085342756955,0.8350372397472205,0.8350372397614809,0.6488027439783728,14.698495999999999,0.04228565921954023,-21.709317179,-19.653973,-18.591022,-14.3137045,-11.14611,-6.83903,-2.5957277,1.4945098,7.0516205,9.751516,14.016078,15.716801,19.857553012000224,4.2335709371474755,8.102713937147476,12.048390937147476,14.304304062852525,17.560719588968418,18.981291062852524,22.705871062852523,29.42682924814494,24.010645857898435,15.07157105106142,2.716903975,2.9337460485,13.637667700000002,23.091559,31.902361324999998,41.7888752,48.46314639999999,71.51958396000002,76.349677,171863.5,92.58732,1.096892597258778,1.750810536317917,-2.5493127390778203,0.7610729999999997,1.1990093000000002,1.9600825,3.0485448,7.8318270000000005,21.667203,1470779.3527540825,2.0454457124477674,25951222.84589564,3.505448118010037,669246874.3785464,5.224930763661108,21348576816.97797,7.063677769908695,774335539847.154,8.923496902703933
train05.csv,581120.0,3.0745978793732656,8.83038255181263,9.350337327134435,-19.364319,29.429405,48.793724,0.07648351309656974,0.26079372561698655,0.4761608002034279,0.47616080020375257,0.3693749621958979,7.802064,0.033232436041499246,-17.51053,-16.430573,-15.563205,-13.177941,-10.580088,-0.38000515,2.9789214,7.855743,13.825279,20.105196,24.65888,25.419954,26.393618,3.9988342393732657,10.304241620626733,16.367337879373267,18.548492120626737,21.584282120626735,22.345356120626736,23.319020120626735,23.973797120626735,11.491302846562501,8.569375370264916,1.8495355,1.9600826000000002,2.7424146,10.35739885,15.123673425,24.497630199999996,28.489863699999987,36.22062349800001,36.756862,176329.5,48.793724,0.6086639179953383,0.7104890876977801,3.1364875542856616,0.43793600000000055,0.7653248000000001,1.1990089999999993,1.5221464999999998,2.70840043,7.3811350000000004,154029.4061171845,0.9559302868686965,2177948.031611363,1.8746950565631746,42001513.08737132,2.9880509053940734,885131787.0924562,4.1379047892389345,19382057731.84184,5.249930548101262
train06.csv,581120.0,-6.8977824869157445,10.94057002207665,12.933502064203795,-44.113018,40.77429,84.88730799999999,0.08075371938619093,0.6637826604953263,0.6476328432072486,0.6476328433993609,0.4874982258352489,17.806563999999998,0.036624168199628646,-34.11277,-32.284492,-31.306578,-27.394917,-24.231573,-10.991449,-6.5313053,-2.9597883,6.2708826,13.528716,21.687931,22.767889,23.639511,4.044288986915745,12.186497486915744,20.492884513084256,23.966610513084255,28.675000486915746,29.665671486915745,30.537293486915743,31.187817486915744,18.63755899974219,12.198020041910306,1.7432401999999998,2.03874156,11.047254625,17.755542499999997,24.0237679,32.02077579,40.85900475,57.06688751,69.117361,164690.0,84.88730799999999,0.8600840412264072,1.4129147992629127,-6.773282023976298,0.5442309999999999,0.9779153000000003,1.632692999999998,2.7126520000000003,6.428731,15.867740399999999,746894.6090781825,1.6552516587011246,12962539.8323615,2.978555649467911,345051123.0955593,4.615760253961389,10924602089.848112,6.362430719278852,376170034803.8912,8.098193286759651
train07.csv,581120.0,-0.013323069124955393,7.273800356599723,7.273812558200903,-24.620083,21.027306,45.647389000000004,0.12964238239783446,0.5945682445937823,0.5696482651283292,0.5696482651749413,0.45106427450619235,6.6328176999999995,0.01622215071267675,-20.295996,-19.024706,-18.480474,-13.599401,-7.298225,-3.2717648,-1.0990919,3.1399589,12.043241,14.20741,15.950651,16.592674,18.30615,3.2499379308750447,7.477368569124955,14.114437069124957,15.639700930875044,18.569194930875046,19.113425930875046,20.316686930875047,22.991072930875045,10.154276013203123,7.049197189117505,1.5263983700000001,1.743240421,3.9414229249999986,10.302125870000001,13.70888555,19.6586502,23.276937489999987,29.273344135000006,34.090982,177914.0,45.647389000000004,0.7366537207211461,0.718532789327353,0.029888247822487213,0.6505263000000001,0.9779153000000003,1.3053050000000006,1.6369453999999999,3.0442932000000003,7.4831786000000005,127370.22550134544,0.8945801650059833,1306994.7780730466,1.6463263608092167,20961925.18093956,2.595638507650134,382483384.5219091,3.592530039921165,7358043346.362822,4.565700924699609
train08.csv,581120.0,1.3630155787564413,8.907250103750018,9.010933130297186,-25.758049,28.776934,54.534983,-0.22915262093712946,0.6894858680102698,0.7282744722054155,0.7282744722258249,0.5572180311310764,10.2291021,0.01433441343339316,-23.101084,-20.444118,-19.672602,-16.785913,-12.243498,-2.9549534,3.2648609,4.690867,10.667956,18.292105,22.717493,23.502012,27.11254,3.440545121243559,8.94952242124356,17.706825578756444,19.813325578756444,22.013300421243557,23.34828442124356,25.862217421243557,26.746428421243557,12.13629068765625,8.422674492215092,2.1108359999999995,2.4445819999999996,2.7783282,12.72136145,18.26068115,23.320619889999996,25.20606766,34.21322478000002,36.204955,178412.5,54.534983,0.9074756113861417,0.9783040600905266,1.3468219181807162,0.6674924999999989,1.2179570000000002,1.7770894,2.2235292999999996,4.3300312,10.311456000000002,264990.8826883594,1.1409550922073655,3017753.7464632597,2.0279844925438426,58180587.2068661,3.1817830525251996,1328190050.9630954,4.418815044855637,32295309262.47856,5.637700807152527
train09.csv,581120.0,3.968364001449333,2.8841222881098316,4.905718522374767,-15.130052,31.197628,46.32768,-0.17034834665231938,1.0967857756209884,0.6485443902876801,0.6485443902944161,0.5072969772912468,5.969536999999999,0.061078711933356164,-7.1834264,-4.691868,-3.4971106,-0.79296184,0.29975232,2.1322806,4.0923634,5.954654,7.234448,8.225119,10.703921,12.009226,15.15131,1.9522759985506668,3.0449899985506668,4.531728301449333,5.540799998550668,8.439137701449333,9.633895601449332,12.360026005895904,16.343340947023616,13.431588036234377,7.919637770381152,2.181176,2.4754012,6.7380493225,13.44846235,17.90010210675,23.19912878,25.881592639999997,37.03352855000001,38.393808,179333.0,46.32768,0.8219343683162386,0.9952136831375138,3.962545116799764,0.6547776999999999,0.9821679999999997,1.5263982999999999,1.9600827,4.34109406,12.4662949,258838.7891550437,1.1301160649766822,2084181.6517025023,1.8463704402573127,25015318.964825757,2.6847828579148545,377030324.95854235,3.5792003683431144,6552142934.464554,4.485569527580015
train10.csv,581120.0,-3.144712691729918,15.500436437273633,15.816217868361809,-51.528698,36.99815,88.526848,-0.08348501534782266,0.8941312918163469,0.6283614216523129,0.628361421653966,0.4884634953493828,10.7995874,0.05690744924877693,-49.462322,-43.33122,-42.55314,-35.371838,-20.45225,-7.9264297,-3.7724147,3.7362745,19.395678,28.00133,31.279472,32.151093,33.81304377400022,5.762762291729918,14.616144308270083,31.371389691729917,34.42546387744285,39.41267730827008,40.18650730827008,46.31760930827008,47.40606730827008,15.665081620601562,12.59596786769603,1.9558310000000008,2.25260672,2.4022704499999996,14.928090499999998,23.881330849999998,32.1959492,41.30926937999997,47.69063564100001,49.108357999999996,169654.0,88.526848,0.8365715454806194,1.1344985682008766,-3.1976485349766675,0.6505260000000002,0.9821673,1.5221472999999994,2.1726723,4.893829,11.892301,602906.0433772069,1.526025688797563,15025463.971916733,3.067721619237982,524588801.2641593,4.989430555004757,20022846638.24667,7.003690612157846,789917591264.0956,8.965488432680587
train11.csv,581120.0,7.935478603394098,4.63180149310024,9.188329866543276,-13.06952,32.471573,45.541093000000004,-0.18456172785085756,-0.3560640956648662,0.7197281614356176,0.7197281614633149,0.5747286707000286,5.5358514,0.042968823941395826,-6.662049,-4.068447,-2.771646,0.1578483,1.8798298,4.6009855,7.955661,11.761026,13.733864,14.809572,16.85469,18.253534,21.395618,3.6257138966059026,5.4369833966059025,7.307778396605902,8.411149403394099,11.455442603394097,12.70078945660602,15.4244763966059,18.99382360484446,16.397421966679687,8.735476539923559,2.3980189999999997,2.7968377000000006,10.629514875000002,16.052692305,21.28347755,29.058117839999998,31.17445309999999,38.738715520000014,41.429597,183361.0,45.541093000000004,0.9107327904748828,1.012504933487666,7.935656482520423,0.7610730999999995,1.1990089999999984,1.6326940000000008,2.0663777999999997,3.9116610000000005,12.589597300000001,322114.2288634483,1.2066120187297982,3100812.6614067666,2.0278794768947637,42044845.52250872,2.9653854920464897,667073124.6499376,3.9217305006227883,11607521009.696217,4.851979194702368
train12.csv,581120.0,-1.5447622467630027,4.242997908846007,4.515453648693105,-36.812668,21.858004,58.670672,-1.4040995019596074,2.0488300356380442,0.6439195726074769,0.6439195730259767,0.502816675579766,9.375231999999999,0.07001147785565436,-18.631945,-15.56214,-14.018736,-11.850314,-8.470129,-2.2837512,-0.5107482,0.777549,2.4144943,3.409417,5.692637,6.4622135,8.085897893000222,1.9056342767630028,3.8487096467630026,7.571641753236997,10.399091753236997,12.478224753236997,14.025882753236997,17.176470753237,19.88392693283634,10.455988199140625,7.841548139311033,2.6106087999999996,2.8304273230000003,3.8330031049999995,9.08823515,13.6610525,18.15308535,21.950373589999987,39.83334145,43.755337,173377.0,58.670672,0.8426617247277263,0.9509347398702138,-1.386850335752046,0.6505264,1.08846233,1.63269355,2.07062963,4.149765,10.3659027,226471.87026502576,1.0931361606777243,2180097.5752691063,1.8830901513112515,34884030.78449505,2.888863591083419,703466331.1173247,3.9936987779312396,16121523236.372612,5.125939934103515
train13.csv,581120.0,0.020318925604689213,2.918788630322144,2.9188593537948253,-21.768717,19.656631,41.425348,-0.11364566401968225,0.8448434548023007,0.6949876519751389,0.6949876519793077,0.5419926943783149,8.04441704,0.18531660468854055,-8.528591,-7.6527195,-7.2190356,-5.6968884,-3.843101,-1.1261971,0.18335913,1.0422239,4.2098193,5.527879,6.7226367,7.050026,7.921646,1.0389122743953108,3.2073333743953105,5.6096034743953105,6.370677074395311,7.451944325604689,7.79078007439531,8.765752925604689,15.16766457439531,7.660924018007812,6.34313426801652,2.2832197,2.39376687,2.9337461,6.47337445,9.9322189,13.374055579999998,16.58501975999999,37.20083696000004,41.425348,180887.0,41.425348,0.8706049980496995,0.8666822744227979,0.028480078962855246,0.65477814,1.190506,1.7389885999999999,2.17267276,3.6948194,8.9160373,174765.6276437249,0.9885900195100175,1461900.8266713612,1.6860779113394864,20399310.136160932,2.573010893588562,336017567.0914069,3.5061118868251717,5923150901.16825,4.415915732390142
train14.csv,581120.0,-2.90958339563343,2.9012342598212286,4.108872809726068,-20.387941,18.265228,38.653169000000005,0.35187324427932937,1.0960972496804668,0.5397878650760243,0.5397878651185435,0.4155900382008711,6.8666670000000005,0.05934240663272067,-13.844411,-10.54501,-9.150418,-6.8459396,-6.497291,-4.8816047,-3.040573,-1.1697781,0.8880959,2.1976523,4.612678,5.9222345,8.979283,1.8572226043665698,3.37086560436657,4.45932830436657,5.56643059563343,8.28758639563343,9.80548079563343,12.551642288633651,16.24271639563343,13.509847801226561,8.264221698254115,1.8537875999999995,2.3937666999999996,5.96103175,12.381258899999999,19.231981825,24.29269365,28.413969249999987,33.30550242,37.862333,170085.0,38.653169000000005,0.709960512124091,0.9962108654525094,-2.9571045305043424,0.5442309999999999,0.87162023,1.3095563000000006,1.7432409999999994,4.14125907,12.661878000000002,264526.55154764233,1.1586023863516393,2293645.4080354674,1.916306911160596,26531368.671627656,2.7454828047720303,355835658.4361818,3.5762722713196013,5216542738.911906,4.374813428429569
train15.csv,581120.0,-4.097311944669335,4.974653287566469,6.444776218258155,-31.82583,23.473158,55.298988,0.6021279201326083,0.8630630583664094,0.6022250289867294,0.6022250289972272,0.471836712318014,6.9559535000000015,0.03433375952257627,-17.739597,-14.912147,-13.951238,-11.969897,-10.358462,-6.7997007,-4.9501653,-1.2723529,2.4182146,5.785645,9.365665,10.526409,15.751879,2.715144055330665,5.381026055330666,8.492616644669335,10.397424944669336,13.645804944669337,14.844814944669334,19.860933968669777,25.180479145869256,12.111269322109376,8.516082807763542,1.9558310000000008,2.28321991,3.7458408000000003,11.5032615,16.46193005,21.377229509999996,27.739845449999986,36.42394618000001,44.967099,175861.5,55.298988,0.7795716470789003,0.8819860385552358,-4.121765738274216,0.6505259999999993,0.9821670000000005,1.5221464000000005,1.853787322,3.47797736,10.4169247,214607.00339170557,1.068622643604407,2301604.0735972244,1.9020194823877172,37877903.339067996,2.9284851874066344,754554664.8234363,4.031066745883978,16761775630.764235,5.1440719650553115
train16.csv,581120.0,-6.395611893799451,9.9425281820323,11.821916855849372,-55.69706,28.331377,84.028437,-0.13966718351764212,0.4138044238034273,0.6447204092516521,0.644720409666739,0.495734336493417,9.166894,0.015970911293556052,-39.7698,-32.568961249999994,-30.823997,-24.271967,-19.905361,-12.048024,-5.6065373,-1.2484365,6.829995,10.864959,16.877012,17.748632,19.385578,5.439821106200549,11.43486710620055,17.592210893799454,20.82285410620055,24.981122106200548,26.70735410620055,33.37418810620055,46.90295275500047,23.632168910078125,13.672158715029893,1.8537874999999993,2.8317025,14.370041449999999,22.912983500000003,34.48427425,43.0235996,44.476443474999996,54.50508911,59.134119,162978.5,84.028437,0.8837995253629098,1.5020851886834297,-6.215745418375813,0.5442320000000009,0.9821673000000004,1.6326935000000002,2.3937665,5.893003000000002,19.307450699999997,1030747.8945284473,1.849300043971804,18208430.084636454,3.2511390659092756,440249919.9827225,4.856392658002302,12567581227.941578,6.524094314933662,396294329611.14,8.170895361267824
train17.csv,581120.0,-6.190596466655105,10.358194617430582,12.067132233697059,-49.495808,28.950016,78.445824,-0.4776105373965174,1.194858077626333,0.5744796135170726,0.5744796138557232,0.4352248204454441,11.547905,0.013716639793226517,-44.397892,-37.40792,-34.236073,-28.228271,-19.405775,-9.031367,-5.421584,-1.8245562,7.895072,11.819489,15.641863,16.942915,22.051464609004658,3.494420166655105,11.148800533344897,19.107050466655103,22.913548533344894,28.375988466655105,31.867848533344894,38.20729553334489,39.82809145854298,17.300133487734374,13.609935635182879,2.2832197,2.3980186399999996,2.9124867750000005,18.54000017,26.871413175,35.1462784,37.87466319999999,49.82882749000002,64.929325,166816.5,78.445824,0.7580707317095011,1.2366712498026056,-6.17323917627794,0.5442279999999968,0.8716204000000003,1.4158512,1.9600819999999999,4.906585,15.837976399999999,654157.9806024705,1.576937737590561,11911596.854975158,2.9069177606677354,306601024.9876083,4.49642050324296,9196440204.035254,6.169218104260951,297734726675.0973,7.817796390203228
train18.csv,581120.0,4.061950140234934,10.873316431167357,11.607258468477758,-34.129246,37.60297,71.732216,-0.07211562390886427,0.47485321133002056,0.6225820460026273,0.6225820462183452,0.4699989216468124,11.569164400000002,0.019364364269624637,-26.48824425,-25.71067,-24.524418,-15.140681,-8.813993,-0.31463364,3.0272858,9.294448,20.489452,23.946173,28.10869,29.52454,32.241444,4.743540359765065,12.250928140234935,19.705644859765066,23.28162550976477,28.794706140234933,29.785377140234935,30.550700140234934,31.418070140234935,19.744988377835938,11.724417648031439,1.96008244,2.504313631,11.396965625,18.442208,26.67370335,33.26485529,41.54078357499998,55.472970160000024,57.590711999999996,160640.5,71.732216,0.8501134625093734,1.416438412020677,3.866898459053193,0.5442309999999999,0.9779150000000003,1.6326934,2.508566,6.326687400000001,16.58629573,751478.3163869509,1.6724525389652525,12019842.328585895,2.941107718483713,278476164.5220793,4.44412838150632,7599715355.948931,6.01391169001413,224547765723.74454,7.549565472855407
train19.csv,581120.0,-0.015160703197088298,3.1031879630466754,3.103224996824949,-18.483664,19.99518,38.478844,0.09523808693701452,0.8081065030018828,0.6917531750906534,0.6917531750923924,0.5467922190016536,8.7034465,0.09306183415100866,-11.191816,-8.5642,-7.2716513,-5.0734673,-3.9807534,-1.9101238,-0.15412797,1.8697317,3.8425698,5.2881837,7.903044,8.651361,11.074891,1.8907113968029117,3.4298652968029115,5.171538703197088,6.255748703197088,8.655036644017711,9.556717296802912,12.396924296802911,15.85694269920276,13.449126666429688,7.92777642188125,2.3937666,2.719880178,6.7943858675,12.600226800000002,19.225604,23.7914055,27.874202175,32.758039100000005,36.744108,180603.0,38.478844,0.8796956515506996,1.026326370011937,0.007125771242794983,0.65477816,1.0884624,1.63269346,2.0706293999999996,4.260309400000001,12.8829718,289552.14587311656,1.1703990014131171,2308050.2915239865,1.8907324455654941,25507301.502299845,2.6914598842178807,330192419.21507597,3.496823319363178,4698690187.651001,4.273170920725435
train20.csv,581120.0,-8.254081131711008,9.115645027425586,12.297350917774791,-39.69805,23.130886,62.828936,0.11107843874320786,0.5784484338919329,0.741569033468214,0.7415690338206946,0.590535139383634,10.21709,0.053622407802876866,-32.015038,-28.970743,-27.88228,-25.080341,-22.461227,-11.955016,-8.255944,-4.5653768,2.8285139,8.670495,15.320319,16.068638,17.356936,3.692956131711008,10.304514731711008,16.830511868288994,19.543163868288993,23.684947131711006,24.441768131711008,25.84010814371123,30.35550886828899,15.928029271828125,8.235448290938214,2.5000622,3.30237798,10.24897845,15.2894951,21.4163461,27.321681079999998,30.118305129999996,34.537675130000004,37.658247,183959.5,62.828936,0.9327357099347356,1.0263314504192282,-8.258513174732915,0.7610729999999997,1.1947580000000002,1.7389899999999976,2.1769250000000007,4.1327560000000005,11.9220635,340924.51394469035,1.2283213573225844,4176589.8789878865,2.1828550749915987,82890342.16906625,3.394347818528181,1987986264.2296586,4.701991717779454,51960031084.18764,6.007679286140561
train21.csv,581120.0,-0.14193800490695904,3.924486718011482,3.9270526348758685,-33.045036,24.541424,57.58646,-1.3257410725318022,1.909052245592501,0.4935400368380037,0.49354003712639544,0.3733320634989322,10.357399000000001,0.03500659933679676,-17.23682,-13.856635,-12.096388,-8.507863,-6.760371,-1.4413623,1.203261,2.1769247,3.1463363,4.2390504,6.6583276,7.393891,8.703446,2.187056604906959,3.411576804906959,7.114900404906959,8.37017749509304,11.95870199509304,13.73170399509304,17.11188999509304,20.599291627292505,10.2129044684375,8.303137594732313,1.8537873,2.07062972,2.3714446249999996,9.20516,13.805614049999999,18.617382865,22.184859647499998,40.52812843500001,46.357440999999994,164740.0,57.58646,0.6584628973183076,0.9122692595405305,0.05987712026762186,0.4379359999999999,0.7653251000000001,1.3095561999999998,1.7474924000000005,3.92866853,10.365903,210015.02677853632,1.0843024426576324,2260162.3407195923,1.9245763432458687,36943723.31198457,2.9522172958447563,736135411.8277802,4.058446027329336,16434969574.899601,5.1777198563430815
train22.csv,581120.0,-4.087055865378639,6.811861061945082,7.943895566658057,-31.297544,19.932467,51.230011,0.06977977540041169,-0.7171550138164515,0.7306704148379379,0.7306704148401909,0.5821416623341312,6.4117233,0.033218669497985784,-20.021755,-17.198555,-15.837977,-14.749515,-13.669557,-9.689866,-3.50774,0.61226004,4.957606,7.5809703,10.518968,11.377832,13.11257,5.062830134621361,8.65560613462136,10.88355313462136,12.182493865378639,14.929161865378639,15.78377386537864,17.61630286537864,20.669098865378636,17.824367796484374,9.2150297745275,2.3980180000000004,2.8317030499999998,12.330237450000002,17.62160925,23.69637775,31.102386699999997,33.2899396,35.54377939,42.981508000000005,183895.0,51.230011,0.919800920835118,1.0325832172900853,-4.075291758071237,0.76107334,1.1990093,1.6369457,2.0706290000000003,3.8053663799999997,13.240123700000002,368281.0038638809,1.260481470258576,4019013.0876006223,2.1621577406565327,60905902.73204565,3.19166934731636,1072859715.7826893,4.242893878953611,20741803866.034744,5.2693106175040025
train23.csv,581120.0,4.420352608073618,11.766261792722446,12.569185882728574,-49.762604,43.288166,93.05077,-0.3233986536204954,0.33612736419822387,0.6995383834811821,0.6995383835527877,0.5222438903923016,14.945098,0.007826279987403612,-38.222694488,-28.843721,-25.255196,-18.142138449999997,-10.31435,-3.2095819,6.493039,9.5458355,21.450893,23.755371,27.657722119999743,29.648375,34.83558,6.537220608073619,13.829067608073618,20.185517608073617,23.56570360807362,30.355701391926385,33.40849739192638,42.64304709607384,50.794655510671625,20.37508607890625,15.24604284932769,1.960083,2.28747121,4.342156375,20.7700727,29.476708,36.910351399999996,51.34799804999998,59.190324440000005,73.335148,163524.5,93.05077,0.9279522253267369,1.5995565621368777,4.899177138380732,0.6505259999999993,0.9821675999999995,1.63269347,2.504313500000001,7.415149999999997,19.957977,1141042.8478465062,1.9109076882314144,20878571.38706123,3.361471916114233,564260478.1521454,5.100107855636851,18470713429.11646,6.952646361909813,668210925250.9431,8.79986116403424
train24.csv,581120.0,-4.560233086580943,4.285552893095039,6.2579301213310785,-29.688766,21.315899,51.004665,0.277711020427964,1.4184116969668557,0.5000816657745765,0.5000816658823496,0.38135997729710785,6.1821264,0.03733658682645035,-18.739860131,-16.138262,-14.947756,-11.3549795,-9.790315,-7.111677,-4.705155,-2.4346905,0.6096027,2.880067,7.14888,8.858106,12.96535,2.3303499134190577,4.604345571580943,7.095903886580943,8.950411913419057,12.490638206580686,14.041253443549717,18.17611008658094,24.780532328379792,15.573767335000001,9.116210425680492,1.5306499000000002,1.9643344000000003,8.470660525,15.43192955,21.514138550000002,28.231990659999997,32.3150005,33.567754660000006,37.020474,174117.5,51.004665,0.6363964812466236,0.933391854410764,-4.571999211458787,0.4379360000000001,0.7653249999999998,1.199009375,1.6369452000000004,3.5842723999999997,11.9433234,268283.647316286,1.1550051650699533,2925122.85221174,2.0245356188160972,43191940.949061975,3.0123959813598096,745354024.6825504,4.02952043904866,14159261737.026024,5.028713390125656
train25.csv,581120.0,-0.6673736492651724,8.56588120852295,8.591839643886525,-26.64341,23.978592,50.622001999999995,-0.27224324752171103,0.49241302935053666,0.5682464836466693,0.5682464836653646,0.44840848991234156,7.270588,0.030029993856679957,-24.721594,-23.849974,-23.19945,-16.77497,-11.6047735,-4.4447317,0.22375128,2.4134312,12.464701,14.747921,17.26499,17.915516,19.539707,3.195603849265172,9.942476350734827,15.547099649265173,18.255500649265173,22.629866350734826,23.182600350734827,24.054220350734827,24.48790635073483,12.59092627584375,7.707669716474193,1.74324045,2.17692467,7.055871999999999,11.22902015,17.167730374999998,23.09070677,27.77832284999999,32.35628633,33.840124,173276.5,50.622001999999995,0.7519158490890858,0.9262226756171692,-0.59939955250482,0.5442312,0.8716210000000011,1.41159954,1.9558299999999988,4.1242529999999995,10.6295143,226641.50763397396,1.0936203789885164,2433538.1910262,1.9358630246537176,41162951.63959721,2.986437074068721,829512074.6545829,4.105321504627009,18066182666.157726,5.210450172977329
train26.csv,581120.0,-1.4719406129912014,2.432371608306795,2.843068906845189,-19.981361,18.880144,38.861505,0.14922870212022196,2.54844274949724,0.6184670673153998,0.6184670673348854,0.4839226505278471,5.884499399999999,0.09017258083112065,-12.193473524999998,-9.186027,-7.8594637,-5.1340556,-4.245428,-2.8380806,-1.5370278,-0.23172343,1.4179772,2.7530444,5.125552,6.222518,9.058473,1.2598446870087985,2.4503501870087985,3.9682448870087987,5.054087212991202,7.709336515945297,9.110310212991202,11.6512578870088,15.133193458096182,12.864403691710937,7.892868824602413,2.17692466,2.471149602,5.992920625,12.33448915,17.902229,23.426175049999998,26.827195999999983,32.410027740000004,35.043384,177123.0,38.861505,0.793845651756384,0.9730033934277073,-1.458554394897478,0.6505260000000002,0.9821671999999999,1.52214651,1.85803934,4.0392155,12.3259853,246358.64557169675,1.1162572247398437,1954834.3737013743,1.8226729650095745,21400733.922813125,2.6087396653779322,274786577.83448994,3.402410886852725,3885558501.3468604,4.170310159859685
train27.csv,581120.0,2.6186302409375517,10.947330088470155,11.256165439645805,-46.995743,44.42659,91.422333,-0.27138990595254925,0.3820192595157068,0.6531868823418305,0.6531868824430943,0.4831366973157375,14.621960699999999,0.012097350112455453,-36.337681667,-27.815847,-25.086185,-18.861544,-10.7916155,-4.018488,3.7283022,7.550676,18.898746,21.198973,24.574907,25.790924,30.03797277400022,5.973836540937551,12.742712240937552,19.22236575906245,22.356043240937552,27.959828759062447,30.54502424093755,39.02453457059752,46.459058218337475,19.487986654140627,14.471003660891753,2.1726732,2.5000620000000002,5.0702786,19.7453875,28.347853899999997,35.043385,49.72423299999996,55.97085862,73.985676,162625.0,91.422333,0.8632126499843935,1.509247168005211,2.9293188516815674,0.5442309999999999,0.9779153,1.6326920000000005,2.3980185999999994,6.662576000000001,18.6526732,972067.4725265834,1.8148317441392774,17830741.976100236,3.2359032371900964,483421845.7063856,4.950257523790461,15801368557.83826,6.780336254849297,569814921982.5413,8.608653257650172
train28.csv,581120.0,0.131834878705219,10.870513344743237,10.871312745638589,-33.05301,29.02336,62.07637,-0.09949016170524624,0.6741078393513722,0.5067745461439905,0.5067745461539847,0.3749895997601214,8.367553999999998,0.05525546402716139,-29.893917,-29.026548,-28.58436,-20.875837,-12.312698,-5.0336065,0.39169762,4.2991076,16.986496,21.344597,23.287674,23.734114,24.712029,4.600956521294781,11.789755878705218,21.20425912129478,23.16009012129478,28.71619487870522,29.15838287870522,30.02575187870522,31.00366687870522,12.452908601046875,9.938964821666588,1.738988597,1.84953567,4.0253972425,9.65372605,17.88947435,25.727677779999997,32.18510966599999,41.81017491,44.554676,166480.0,62.07637,0.6544737542737926,0.8984760214639912,0.20178037426591477,0.43368430000000036,0.765326,1.41159949,1.9558300000000006,3.7033224999999996,8.3760582,268207.0152513072,1.172292595746898,4914588.290389901,2.330940933691929,123602554.06360382,3.750879182350644,3374122500.1715326,5.2215542732697715,95211604687.4502,6.644700377124954
train29.csv,581120.0,2.539481377924611,8.541671533119072,8.911179397168626,-23.306274,28.531746,51.83802,0.33906792791489065,0.8885279401491131,0.5311553961468267,0.5311553961780383,0.420167225009745,4.6599795,0.008371779274124577,-18.09781,-16.579918,-16.035686,-13.977812,-8.760846,0.12968008,0.9970485,6.7369866,13.680185,21.057068,24.632837,25.172817,26.68646,2.839233697924611,8.534347622075389,16.938221377924613,19.11089437792461,22.09760862207539,22.633335622075386,24.146978622075387,25.23119062207539,9.573007622281251,7.348916935072921,1.5263983099999998,1.74324043,1.8537873,9.547430000000002,14.210598749999999,19.451162099999998,24.87157763699998,27.403952991,30.370651000000002,176410.5,51.83802,0.6920425871204889,0.7410465456872629,2.51650079042915,0.5442312,0.8716202000000001,1.1990093999999996,1.6326929999999997,3.2568834,7.925366499999999,144567.90375909882,0.9357988007485009,1797307.5417864327,1.7865883242371694,34743123.821196266,2.876529860265656,755802199.3232844,4.03008265511231,17174288955.867435,5.1596714461344755
train30.csv,581120.0,-10.087520817000328,8.3863559999707,13.118271349215929,-35.58496,22.073782,57.658742000000004,0.17175879685894968,0.6372492158646317,0.709778151831861,0.7097781522497797,0.5584675780503304,9.349719999999998,0.04375523773960239,-30.793175,-28.973398,-27.995483,-25.58046,-23.29724,-13.437302,-10.273957,-6.5791383,0.36406088,5.5725236,11.984246,12.957911,14.1569195,3.4518241829996725,9.558702447000329,15.509945182999672,17.91221618299967,22.07176681700033,23.045431817000328,24.24444031700033,25.22235481700033,14.345759445124997,8.358007783847565,1.8495360000000005,2.251331870000001,8.889462875000001,13.354922074999998,18.942858475,25.9139066,30.67720604999999,35.233312809000005,35.744934,176410.0,57.658742000000004,0.9198348180064337,1.143902585483193,-10.0498026728325,0.6547790000000013,1.088462999999999,1.632695,2.28322,5.0043755,14.111743999999998,404007.2394462486,1.3181211111683449,4246453.716566656,2.2150105482253193,68100618.38323653,3.290982486331553,1353263704.1577382,4.440956702154827,30273696075.75039,5.5948925398500124
train31.csv,581120.0,-13.866877700888402,15.550462412087526,20.83523886114923,-61.633114,33.649857,95.282971,0.1489683600747198,0.5782536337980813,0.6895333997921129,0.6895334004063852,0.52678887600085,9.7026205,0.02174941793333207,-52.419453,-49.451694,-48.244183,-42.678566,-38.17165,-20.479887,-14.693179,-7.082446,6.1916924,15.762508,26.341,27.204117,28.190535,6.656877700888402,17.9228102991116,29.0200282991116,33.824566299111595,40.314173700888404,41.088004700888405,42.2742577008884,45.690405589611444,20.630593245078124,13.058666866111446,1.6326940000000008,2.7666497500000022,10.59656425,17.895850799999998,28.730516362499998,39.93126,45.16076913499999,48.235380570000004,51.502126000000004,159913.5,95.282971,0.9571644196166614,1.4752529924923883,-13.676321808397224,0.650525,1.0884625000000003,1.9558289999999978,2.8359559999999995,6.437232999999999,16.8286483,927384.2049105256,1.7966281030847222,20312872.02155001,3.357156219763635,675782717.281609,5.3110989214540565,25959920460.245144,7.38589344939049,1057376839314.646,9.426163144657838
train32.csv,581120.0,-2.6744710890614884,2.733618664529167,3.8243256411147795,-32.342957,21.803793,54.14675,-0.023059514996496652,1.0689531882729666,0.7001153515835015,0.7001153516254108,0.538257935063672,9.2349225,0.12686041929449907,-11.113689,-10.020975,-9.510758,-7.8653097,-5.6968884,-3.953648,-2.8651857,-1.3387874,1.2675697,2.3602839,3.6740918,4.107776,4.9793963,1.3186763890614885,2.9076189109385115,5.088794910938511,5.910627089061489,7.109636489061488,7.486812910938512,9.153294446567358,15.89931748472766,8.20269706440625,7.503513762652962,1.8495355999999998,2.06637764,3.4811661249999997,6.7433643,9.60164095,12.354898719999998,23.295221074999944,38.15511183,54.14675,175926.0,54.14675,0.8889871678042642,0.9589723088898778,-2.651226269809116,0.65477807,1.088463,1.8452837000000002,2.3895147999999997,4.12850358,9.341219,244360.24098322782,1.115749854321594,2609885.2334917416,1.9625595592134286,44062684.91961065,3.0182011880932187,874073135.9218059,4.130820187071724,18858045978.167065,5.2311266816577175
train33.csv,581120.0,-4.936293249704212,3.101977785272303,5.830030636917634,-23.370583,14.461987,37.832570000000004,0.06679910544236033,0.560249838089852,0.6576121412996027,0.6576121413720343,0.4759740371415322,6.947451,0.08335125852019983,-15.2278685715,-12.928148,-11.865196,-10.168725,-9.084515,-6.848065,-4.875227,-3.1319866,-1.1421413,0.25670278,2.76952,3.6538959,6.051914,1.8564981502957876,3.5305399497042123,5.201499649704212,6.175163149704212,8.343584249704211,9.301409750295788,11.86049100029601,15.137494450904136,13.7385484346875,7.1020743945925755,2.606357,3.9890447,8.33779155,13.14445815,18.587832999999996,22.9865389,26.114167349999992,31.974984300000006,33.308649,174230.0,37.832570000000004,0.7937713266648971,1.0588656547147288,-4.941756234496398,0.5442312000000005,0.9779154000000005,1.5263980000000004,2.1769245,4.893827999999999,12.542828,272182.78047080943,1.1603238966593639,2041351.9523690448,1.850115058448955,21451190.613267876,2.618579074730237,267505627.78507346,3.3965264249948603,3689668156.156412,4.149355303863427
train34.csv,581120.0,2.258979139363601,11.352490061289815,11.57506014428279,-47.729713,43.152645,90.882358,-0.2742198957155712,0.33735624444051204,0.6453121645289438,0.6453121646673942,0.4673011146907397,14.405118600000002,0.020154219703709567,-37.589153,-29.408678,-26.364386,-19.816605,-11.525583,-4.7567077,3.7766669,7.1398454,19.044903,21.540712,24.933655,26.251713,30.813902,6.194673860636398,13.069844860636397,19.8387188606364,23.1211158606364,28.9507531393636,31.7782051393636,39.84813213936361,46.9358931393636,19.6047452109375,14.726458246929798,1.9600823000000003,2.28321994,5.0692159000000006,19.85593375,28.717760574999996,35.73175175,50.300990999999975,57.631229190000006,74.419363,160635.5,90.882358,0.8452600965165484,1.572134676471502,2.738170176465644,0.5442308999999999,0.8716210000000002,1.5263980000000004,2.3980186,7.202559599999999,19.528544999999998,1047714.1469385822,1.868388101456367,18874668.16788964,3.292376164612711,501449677.6711568,4.9989312666246555,16113802506.86882,6.81646827633319,571640214437.0317,8.627745394992758
train35.csv,581120.0,1.4326402096597968,3.1176815451276876,3.431092564645237,-15.746033,21.788912,37.534945,0.45607733409247186,0.711694054124206,0.627203437967697,0.6272034379745249,0.49168426614969396,5.782456270000001,0.05677322544952067,-9.755238,-6.808736,-5.375877,-2.7610166,-1.7831011,-0.7966821,0.92104745,3.408354,5.7255883,7.1371875,9.526703,10.436589,12.796342,2.1287789903402032,3.3065287903402036,4.975989009659797,6.257282090340203,8.692067209659797,9.837302790340203,12.403894209659796,15.675033790340203,13.281545749117187,7.710170893071246,2.1769246100000004,3.01538076,6.96977299,12.874468400000001,18.1764705,23.0860316,27.495152599999994,32.484350870000014,36.778123,177353.0,37.534945,0.8055320999944856,0.9758676966137163,1.3873018939467052,0.6505263000000001,0.98216721,1.5221469000000005,1.96008255,4.03921565,12.232446,248636.24965629575,1.1192024076813962,1971415.5031869242,1.8259332918595124,21631797.287349872,2.61367036142868,278146294.69909185,3.4085718783410814,3930612911.3442483,4.176409791852
train36.csv,581120.0,5.908173987018057,11.082261171918656,12.558783083702526,-23.678839,53.121532,76.800371,0.3084217836364632,0.35869783592381177,0.6259016932992517,0.6259016934610298,0.4499523857954877,11.786007699999999,0.01604318564700173,-19.533329,-17.352152,-16.369984,-13.631822,-11.021213,1.9510475,4.689211,11.862007,19.723597,28.767189,33.66952,34.63468,35.944237,4.652780012981943,12.735465012981944,20.292564987018057,23.513791012981944,27.761346012981942,28.73076101298194,30.036063012981945,33.76064601298194,16.304347301796874,12.368092118344729,1.8495355,2.0663775999999996,4.548369874999999,15.863487699999999,23.3562341,31.9961154,38.78646161499998,53.043194930000034,60.4606805,160541.5,76.800371,0.8143560402795789,1.3916485788764932,5.813121730705357,0.4379362999999996,0.8716203999999999,1.5263980999999998,2.504313,6.5477810000000005,15.497833000000002,673405.1124510568,1.6127350731428307,10612430.937882498,2.8513917593959963,258104089.80503297,4.377654816861482,7560678792.4453,6.009369548087077,241559240370.33664,7.629409144250817
train37.csv,581120.0,5.437917815917979,6.69263449209107,8.62335819837059,-28.730515,60.196007,88.926522,0.1830238559482177,0.29374802031672775,0.7278691372047426,0.7278691372916147,0.5435288533068235,14.6049543,0.0535690624467622,-14.049029,-11.213075,-9.699432,-5.6857276,-3.7341485,2.630805,4.803478,9.412436,14.523107,17.96707,21.640629,22.75035,24.906017,3.147257415917979,8.058093215917978,11.78692681591798,13.70449181591798,17.08283618408202,18.073505184082023,21.0170917089182,27.522264564278107,18.128604580390626,14.053446516387936,2.1769239999999996,2.3937668999999997,4.873632450000001,16.892426,25.912631499999996,32.188721199999996,45.413965049999966,62.39376529000003,79.096348,163468.5,88.926522,0.9661033890468439,1.5967157477273723,5.432493267746429,0.5484840000000002,1.0884620000000007,1.7474915000000006,2.8359549999999984,7.5171928999999995,18.7292054,976865.6035749927,1.8146808106448433,15264207.793768898,3.1085656807999653,370944241.689074,4.690022338368474,11448936064.351704,6.420297837199674,404486577246.3006,8.191300574708473
train38.csv,581120.0,-1.3836931509002441,8.4002769788727,8.513475204499448,-25.226496,23.02725,48.253746,0.23832598714042838,0.7592862604848043,0.4600739858471945,0.460073985888735,0.35816201588793684,4.013705,0.01149334301580227,-22.08016,-20.774857,-20.018034,-17.84111,-12.641151,-3.9717183,-2.555867,3.1968267,9.259902,15.339984,20.110512,20.552698,21.403059,2.800615349099756,8.663855849099756,16.50726125090039,18.740635849099757,21.50270615090024,22.025680150900243,22.79525715090024,23.450034150900244,9.830009322421875,7.2650429798976885,1.8495355999999998,2.0315129350000003,2.069566625,9.164768075,15.774199249999999,19.64419319,22.679344953999987,27.480400255,28.516862,177332.0,48.253746,0.5868505191132509,0.6361333993982705,-1.4056353658251894,0.4379358,0.7610739999999971,1.1947574999999997,1.4158515,2.287471700000001,6.7263573,107081.90167989572,0.8452327594030382,1422644.8564749951,1.6829737666324842,27426761.690334458,2.7408008742885177,582193227.1874237,3.855197864975689,12803133836.863129,4.943967374646388
train39.csv,581120.0,-7.735784166498798,10.905988884710437,13.370974168851015,-53.697124,28.435017,82.132141,-0.5265517356931442,1.0474005110800366,0.6069300502153716,0.6069300506402764,0.471262542285907,10.693289,0.014814521638425176,-46.64763,-40.29118,-37.132084,-31.02649,-22.514376,-11.179061,-6.3745203,-3.5385654,6.9378843,10.866553,14.795221,16.006987,21.347254,3.8642058335012024,11.930224166750602,19.920396166498797,23.9497358335012,29.617395833501206,33.1293858335012,38.911845833501204,40.4382418335012,18.041010810703128,14.515581626523083,1.8495360000000005,2.1799009099999997,2.619112575,19.194779,28.527492,37.4443801,40.13789669999999,52.26349503000004,68.83249,169600.0,82.132141,0.8073691548073232,1.2537746897309663,-7.662242829824228,0.5442320000000009,0.9779152000000004,1.4158514999999996,1.8537879999999998,4.906584000000002,16.1526104,747048.9259855632,1.6392344248927766,14612220.161768924,3.0466501723940973,399742156.82018024,4.725750845335667,12668186245.259438,6.489552725591404,431938336985.8384,8.225120553114833
train40.csv,581120.0,1.949361398155321,10.432386616993677,10.612949655352503,-28.751242,43.214825,71.966067,-0.11900437364730226,0.8676829185045194,0.5880820435689915,0.5880820436286619,0.43962886599129264,9.987491300000002,0.036696442553074325,-26.684864,-25.490108,-24.609983,-19.299479,-11.15727,-2.245485,2.5165377,5.335485,16.636786,23.23984,25.10213,25.64211,27.062212,3.7135123018446787,10.823411398155322,21.29047860184468,23.20892339815532,26.56784939815532,27.443721398155322,28.63847839815532,29.939532398155322,13.017800924062499,10.182173142173324,1.8537873,2.0663776,2.1769245999999995,13.414448749999998,20.965654455,26.8386756,29.911667849999994,36.24171402,49.002061,170398.5,71.966067,0.7496447649949795,1.0536387432672032,2.0689803894279146,0.5442309000000005,0.8716205000000001,1.4158514000000002,2.0663774999999998,4.672735,11.7434885,346670.8245403779,1.2671183355993567,5365374.425241139,2.368828212707188,134208012.83432959,3.7954435431003457,3948971825.5870614,5.339530168578817,124026932748.09082,6.877581539445983
train41.csv,581120.0,1.8244127133641728,5.7429606577016585,6.025784502004191,-27.185514,38.105217,65.29073100000001,0.5050142721218812,0.18032183925475564,0.712413386672082,0.7124133866728829,0.5215314343981922,13.278389839999999,0.023351499434711306,-11.4623375,-9.884917,-9.1366,-7.180769,-5.8754644,-1.1102528500000002,0.71483487,5.5236278,9.256713,13.725362,16.582575,17.126804,17.785837,3.1464796866358276,6.747759286635827,9.655707713364173,12.147554286635827,14.762413286635827,15.306645286635828,15.969925286635828,18.530342808584805,12.400724322773439,9.676238132954202,1.8495357000000001,2.1769246,4.03177529,11.96883365,15.96553175,22.205482399999998,28.773671699999994,49.790944300000035,55.371269,165171.0,65.29073100000001,0.9174486611634095,1.403757187293329,1.8566112726809958,0.5442313999999997,0.9821679999999979,1.7389890000000001,2.7296595999999997,6.870919,15.791207,562353.6651211248,1.5043835547977764,5629472.521947233,2.4162033179599973,88454729.9990087,3.5136415375604573,1837392133.7665854,4.724741029120208,44937502374.62607,5.975608849958357
train42.csv,581120.0,0.9361207449914941,6.005932129879619,6.078449045432869,-34.961536,26.272972,61.234508000000005,0.014878220934545659,0.1362829101609595,0.70066962074663,0.7006696207607515,0.5380633139281077,12.870217,0.039842097745900584,-15.029072,-14.289257,-13.94486,-8.931982,-6.091775,-2.6775749,0.8301651,4.1125593,9.801476,11.43417,14.389175,15.167254,16.910496,3.499575855008506,6.9818046550085056,10.306037744991492,12.794023255008504,15.008534744991493,15.437967744991493,16.412309255008505,19.240623620706582,15.483416561726562,10.051797840564147,1.84953573,2.4681734,8.6141593,14.3689795,19.98986525,25.252750999999993,34.87798924999998,48.55622009,61.06018400000001,167068.5,61.234508000000005,0.9357802785282323,1.342202291154055,0.8047453945614403,0.6505261999999999,1.0884622999999998,1.84528384,2.827451,6.326687999999999,14.9748617,531793.5132435744,1.471011791673008,5771009.799583736,2.424316456886089,96597503.6155732,3.56791308160455,2013125466.007839,4.78809448127631,47221045081.227936,6.008259990976969
train43.csv,581120.0,-1.3255869706217147,6.727531870535664,6.856884561209641,-46.210224,33.800262,80.01048599999999,0.07299944361776041,0.15534972576602346,0.7083065449118966,0.7083065449135315,0.5450206304559565,12.870217,0.05773688349546306,-20.171150905,-18.271605,-17.399984,-12.663472,-9.517137,-5.456661,-1.6470433,2.5112228,8.217147,10.398323,14.199437,15.504743,18.764358917000663,3.960112270621715,7.872664029378286,11.600607970621715,14.019884970621714,16.85945301178526,17.927293970621715,20.313449029378287,24.99196318379559,20.44593851359375,12.8478843695001,1.8495356999999997,2.39376667,12.345119149999999,19.800660999999998,27.549577075,35.050187099999995,42.074809549999976,61.878488570000016,68.64966199999999,165036.0,80.01048599999999,0.9595538056846233,1.5594820552725828,-1.4930112689567747,0.6505264000000002,1.0884621,1.7432397000000002,2.831702,7.0877609,18.950299,953385.463758463,1.7943064252711332,14338074.85585371,3.0530086768438585,319325428.1084837,4.542876838004874,8842166103.018288,6.139928729341374,278209113356.0995,7.754285893638331
train44.csv,581120.0,-0.34079486985417656,8.149859383262099,8.156981617624512,-31.43732,31.319334,62.756654,-0.1629749045648713,0.2534213455900942,0.6801880077260177,0.680188007768908,0.5224496537839377,10.544478999999999,0.012859672459513456,-23.384401,-22.304443,-21.649664,-14.825516,-10.131522,-3.6220074,-1.4493344,4.5244527,11.573948,14.069758,16.025589,16.680367,18.198261,3.9893756698541765,9.537981869854177,14.414804869854176,16.693772869854175,21.308869130145826,21.963648130145824,23.043606130145825,24.136321130145824,12.6288602490625,10.093322522311057,1.4158513000000001,1.8176469000000002,2.907172425,10.474324000000001,17.510000124999998,24.066497979999998,30.686770799999994,48.596611300000006,51.548894000000004,173656.0,62.756654,0.8741575884428641,1.1396410575307299,-0.45580038968139863,0.6547779999999999,1.0842109999999998,1.6284417999999998,2.2832196000000002,5.216965599999999,12.2792155,436077.8240229595,1.3592251535453115,5620568.39271116,2.3851879734619743,104298290.08504054,3.5951538404861996,2235214390.5570903,4.841035104652648,51832022664.00582,6.055217762892606
train45.csv,581120.0,-2.8053415989531683,6.574871510570449,7.148347841797295,-37.124115,31.521294,68.645409,0.4718070040994486,0.26890180510227957,0.6658390388657845,0.6658390390269032,0.5162804292462869,14.171268549999999,0.014687181110925646,-21.243616,-16.791977,-15.809809,-13.424546,-10.575836,-7.0510883,-4.215134,1.2229257,6.7757845,9.922121,13.889055,15.041296,17.749697,4.1394514010468315,7.243271401046831,11.588616401046831,13.271693098953168,17.02948171895291,18.26756559895317,21.371383598953166,27.05132168825309,15.845716883078126,12.85245807947013,2.1769244,2.5043137,2.831702925,14.679359949999998,25.14624325,33.9353634,36.76770409999998,43.664091340000006,68.645409,171298.5,68.645409,0.8757238585369196,1.260639923348969,-2.924223049377048,0.6505261000000004,1.0884619999999998,1.6326937,2.2832197,5.4465636,15.353271300000001,559636.4495042003,1.4838299891629094,7260347.693432406,2.5515316793129283,138425409.73970193,3.814981634094516,3268917975.204209,5.169419108892118,88072177799.34796,6.54439208587489
train46.csv,581120.0,-1.572611106703667,6.462928374244732,6.651507262534213,-31.052532,28.281418,59.33395,0.38868148682575787,0.3770459616479829,0.6356572935711183,0.6356572936466145,0.4959409020343527,12.8702172,0.015138035410991553,-18.858355,-15.911853,-15.159283,-12.973855,-9.555403,-4.7763724,-3.0246286,2.2348554,7.600635,11.393246,14.586351,15.530253,17.277746,3.310056393296333,6.902832893296333,12.009200106703666,13.573915893296334,16.388559606703666,17.357972106703667,19.36062389329633,24.194876106703667,13.544294064117189,10.984326107379228,1.7432401000000004,2.0706295,2.2874716,13.04879265,20.87849325,28.2341187,30.8995745,39.024350070000004,57.803302,171695.0,59.33395,0.8392809372704536,1.1117055406187837,-1.6933460006065302,0.6505266000000001,0.9821671999999997,1.5221467,2.0706295,5.0001237000000005,13.6312897,379638.6865769602,1.302779565925597,4200855.895880933,2.2240524957877157,69603433.8896916,3.323338689987703,1424092142.7548177,4.499145867275644,32962704225.445114,5.685284068661205
train47.csv,581120.0,-1.254475860693793,7.767743724742157,7.8683894323002725,-28.117193,25.323755,53.440948,-0.1689054320574403,0.9940401683811793,0.7230380719001919,0.7230380719153549,0.5626656664006959,10.761321200000001,0.07984423156014517,-26.81189,-22.900227,-21.607677,-17.474922,-9.872694,-3.9286687,-1.1947575,1.1905057,9.859938,14.013952,15.965531,16.603302,18.023407,2.559394139306207,7.7636041393062065,15.583062860693794,17.092068139306207,20.353201139306208,21.645751139306206,25.557414139306204,26.326989139306207,10.84353370515625,8.062117389693352,2.0706294,2.2874715,2.93799784,9.5538079,16.043126975,21.60257631,24.853719470999994,34.57598572000002,39.686355,181894.0,53.440948,0.8988083977291884,0.9868955985400572,-1.2510206092100922,0.6547789999999978,1.1947550000000007,1.73898879,2.1769247,4.2390507,10.74431334,286591.48349349777,1.163630159567897,3129493.688032572,2.0366383936284262,53235398.46263788,3.113697565452554,1062020286.0243223,4.243449842077252,22818780618.27423,5.349995750580537
train48.csv,581120.0,-2.3247128401935897,10.62681488944207,10.878119528844525,-35.327194,28.930351,64.257545,-0.10477434998093121,1.098996135887746,0.48393334050744335,0.4839333405378949,0.3605049028843042,7.1727968,0.018431680946587533,-33.805046,-30.543911,-29.799845,-24.565872,-14.1744585,-6.4786897,-1.7889475,0.5878122,13.066863,19.487091,21.851093,22.408081,23.823933,3.57580674019359,9.77911515980641,21.91809684019359,23.99290315980641,27.47513215980641,28.21919815980641,31.480333159806406,32.23715715980641,10.912160326492188,8.582467716023018,1.5263983999999997,1.852511732,2.0706295,10.567864,16.529959499999997,22.59069575,27.11185336999999,31.908654807999998,34.265305,169695.0,64.257545,0.6172728974313444,0.8052060886031466,-2.325572246339892,0.433685999999998,0.7610733999999999,1.3010526000000002,1.738987999999999,3.4737256299999997,7.9211143999999996,205590.421908513,1.0660509066846477,3828540.3388942145,2.179420568556938,100287424.64162913,3.583566652524786,2834601047.7300496,5.055962174707929,82280477750.89261,6.48981828817842
train49.csv,581120.0,4.221788724379016,10.903758458968634,11.69253815750985,-34.365223,39.790527,74.15575,-0.06582618774539849,0.45323276829489956,0.6260970658998501,0.6260970660682983,0.46999715582688917,12.436532,0.018624412555776012,-26.703466,-25.615005,-24.318205,-14.942971,-8.84163,-0.24447884,3.0124047,9.683488,20.385284,23.982311,28.527493,30.372776,33.757214,4.963728864379016,12.412892724379017,19.615961275620982,23.216732724379018,28.956670724379016,30.045133724379017,31.048557724379016,32.15028527562098,21.317990567976565,12.5089816537657,1.8537874,2.6892672120000003,12.618297325,20.7700735,29.92527355,35.681156,42.98575883999998,57.633783120000025,61.294034999999994,158604.5,74.15575,0.8610231021092276,1.5015610962398402,4.062421843863922,0.5442309999999999,0.9779153999999997,1.6326940000000008,2.6106090999999996,6.5435297,17.883096,895313.0553091245,1.7805457513140444,14952205.941934872,3.1159999442858193,353515685.42028874,4.673245931925855,9848869574.278965,6.292817645343261,298799387585.2823,7.878394841450701
train50.csv,581120.0,3.5706925579457276,4.33470939054327,5.616008444067103,-21.366919,30.309528,51.676446999999996,0.7497196216675681,2.662527813869655,0.413722241647525,0.4137222423520652,0.30620585527832683,6.415975246,0.020575820098809365,-11.523989,-8.683782,-6.932038,-2.9098299,-0.6266099,1.9669918,2.5962589,5.444969,9.484184,11.342224,17.064347309999743,18.95569854000107,24.785928131000222,1.6079527579457276,4.331820442054273,7.210293442054272,9.167664057945728,14.153493442054272,15.735164442054272,21.309281442054274,24.56946573255412,11.602082385242188,9.582551792916181,1.4201032,1.52639847,1.8537871999999997,9.65159965,19.7921568025,24.74508611,26.565710099999993,32.03072542,45.609122,169225.5,51.676446999999996,0.5257542167506848,0.7812075168601045,3.5309004626163,0.3273899999999994,0.6547780000000003,0.9821673000000002,1.3095564,2.8444580000000013,9.7791539,171832.17629325506,1.0051083822614475,1910749.5356519013,1.8330929586616789,29365666.233972255,2.804625061535024,533488791.8404691,3.829216447210384,10739986872.89542,4.853743804745809
train51.csv,581120.0,2.2539846677574595,8.875071333126463,9.156819210324558,-25.380417,34.79791,60.178327,-0.12826410198574087,0.307611466601998,0.7551671597860328,0.7551671599103313,0.576135160548115,10.4284836,0.013713198157348151,-20.525928,-17.738932,-16.75503,-14.54884,-12.225619,-2.269582,3.815867,6.676548,11.778096,18.6524,23.62825,24.94331867500012,27.607197,4.439900632242541,9.766835332242541,16.78982066775746,18.56690966775746,21.71234633224254,23.02565933224254,25.56993233224254,28.454679433842227,14.302762048671875,9.84762500697976,2.5572753,2.7783278999999994,5.675851200000001,14.16253835,19.027863,24.33529384,36.00687255,43.83625385000002,49.294739,170771.5,60.178327,0.9802662867122443,1.2481240937326805,2.099528326731662,0.6674924000000004,1.222291,1.8897831000000003,2.5529410000000006,5.8730649,14.151703300000001,468941.20485436474,1.4003427070287673,5282022.4357910035,2.3582845843706233,95728195.70732506,3.5458870377094347,2129201850.7690487,4.81541336334917,51792376533.083984,6.069060856458877
train52.csv,581120.0,-7.762387359331533,9.741899090558999,12.456293807025595,-58.13654,26.325588,84.46212799999999,-0.17333862861835936,0.3503823309951395,0.6527567630700268,0.6527567636229195,0.5026383922994877,8.950053,0.015506290449976683,-41.125065,-33.705658,-31.856127,-25.091501,-20.703638,-13.943267,-6.8555055,-2.4931526,5.1515946,8.757126,14.764928,15.747095,17.269241,5.817717659331533,11.179244859331533,16.953197359331533,20.125045359331533,24.52742264066847,26.172872640668466,33.362677640668466,47.865582640668464,24.0329348809375,13.84357732519043,2.1726730000000014,3.1216759599999997,14.86324905,23.0150253,34.689421975,43.521060299999995,46.488609194999995,54.070130840000004,59.678347,165850.5,84.46212799999999,0.8805904109263645,1.4955399725822986,-7.775176668436245,0.544233000000002,0.9821671999999997,1.6326936,2.29172329,5.782456699999999,19.630589,1048101.983287796,1.848824066817566,18571351.859747462,3.252982173299106,446850241.3054743,4.853880078694209,12667048952.065327,6.5136803742303995,397197461956.4554,8.15318125060158
train53.csv,581120.0,2.4206183837935353,4.1011244804160745,4.7622069845636945,-24.10774,24.902828,49.010568,-0.6709416999669602,0.3889257040749845,0.6609217704499725,0.6609217705108444,0.5166318486208263,12.0368627,0.05717589684728945,-13.2741375,-10.2426,-8.941547,-5.148937,-3.397193,0.08078431,2.6828897,5.5103407,7.457668,7.997647,8.855704309999743,9.834427,11.879546,2.7990291137935355,4.8526513837935354,6.153703983793536,7.782145783793535,11.370670383793534,12.671722383793535,15.703259383793535,18.29638647309346,10.877847102007813,7.943291323531342,2.0706297000000005,2.3980187000000006,3.3833749749999997,9.881197400000001,15.026945374999999,18.706246499999995,23.841363449999967,35.47566642500001,49.010568,179526.0,49.010568,0.8361590611908191,0.9413631290098149,2.536312203174719,0.6547779999999994,1.0884623999999998,1.6326937,2.0706300000000004,4.0179568,10.510464299999999,228862.83426496128,1.0842996206263533,2157887.2582634864,1.8619814458098793,32576461.730660044,2.8297971931949064,597509082.1306455,3.8639917700452813,12070361959.984274,4.893911756134022
train54.csv,581120.0,-4.151592993917771,16.033101690980494,16.56188619150816,-53.751335,36.620808,90.372143,-0.23221677988617426,0.9560743637145448,0.5971064562252097,0.5971064562292173,0.4539761584456952,12.64061844,0.00693145465902853,-51.582912,-46.40421,-45.753685,-38.576637,-23.54225,-9.804665,-3.3886895,1.9388236,18.278515,27.530443,30.574736,31.340063,33.0748,5.87841700608223,15.47049300608223,32.20075899391777,35.491655993917774,41.60209200608222,42.252617006082225,47.43131900608223,48.51552700608222,16.0158556184375,13.30988865854095,1.7432409999999994,1.9600825999999998,2.185428075,14.6666045,24.118370175,33.94174298,42.35798127499998,51.55901721500001,52.454527999999996,166508.5,90.372143,0.7921943060558589,1.1937812713031806,-4.209542991743076,0.5442312,0.8716220000000021,1.415852000000001,2.1769247,5.1234263,12.593849,681746.8659498505,1.5997873089341514,17490156.139522005,3.201395421714923,624174994.2863792,5.185301236532328,24422172051.662052,7.262029013169565,989575267941.3849,9.283592320263088
train55.csv,581120.0,-3.1221952731780664,3.4789364726954495,4.674516264268006,-32.746876,24.189056,56.935932,-1.1533455733159337,2.217899811741453,0.5153713261498668,0.5153713267069103,0.39064927596597254,9.9237149,0.09983669437757155,-17.036455,-14.179241,-13.418169,-11.35179,-7.6654744,-4.1449795,-2.94597,-0.9986429,0.4299639,1.4929154,3.5848038,4.2480855,5.99983,1.5623139731780664,3.3013026131780663,5.835378873178066,8.357149726821934,10.317231726821934,11.091061726821934,14.037562726821934,17.52734324112178,10.01901540671875,8.063859918814673,1.7432403,1.9643343500000003,2.663756575,9.37735845,13.538813525,17.785729444999998,22.231417659999984,41.03031040000002,46.357441,167998.0,56.935932,0.6756441046919309,0.9174146009901174,-3.0145595317117855,0.4379360000000001,0.8716198999999998,1.30955625,1.8537870000000005,4.034964,10.47645005,213862.49348292797,1.0837859206831681,2272688.7067226176,1.9178249336456163,37122188.11071547,2.9435125452882565,737624419.1500123,4.046583711220884,16331045825.919508,5.158577786820822
train56.csv,581120.0,-0.049221935796960964,5.317906304453788,5.31813409589425,-30.800001,24.411146,55.211147,-0.5098776961447481,-0.4705559637998502,0.696876916769638,0.6968769167821554,0.5245956423715968,8.8681112,0.02817323130030166,-15.33065,-13.544891,-12.881734,-10.346129,-7.1473684,-4.03096,0.5764706,4.460062,5.929412,7.0953565,8.764087,9.495770945000242,10.844582,4.305568635796961,5.880190064203039,8.132812935796961,10.405268064203039,12.836846064203039,13.50000506420304,15.285763064203039,18.37952822690288,10.536300349734375,7.167431910186658,2.3362230000000004,2.5572760000000003,4.1295668375000005,9.778328,13.454954275,18.7738698,23.147894824999998,35.21979560000001,42.125698,169186.0,55.211147,0.9009388929915595,1.1161404098059242,0.11534261121176691,0.6631580000000001,1.1139311999999997,1.7770900999999997,2.4445815000000004,5.2142409999999995,12.5219806,280692.8133642126,1.1838289518540053,2057197.0631571638,1.8673592111095811,25703012.789983496,2.731013971452075,452811872.7027173,3.7261376730594025,9728807312.137962,4.785821034575379
train57.csv,581120.0,-4.180757814310115,9.927059196753834,10.771501297301597,-54.74838,32.719772,87.468152,-0.16450640129341423,0.37556177453659334,0.680102796407578,0.6801027966634912,0.5282123681351565,9.600578,0.017516205802942254,-38.493725,-30.865986,-28.672052,-21.822393,-17.349495,-9.92159,-3.5863984,1.5370278,9.083983,12.761796,18.46266073999974,19.241549,21.42647089300022,5.730541014310115,11.504493814310116,17.303956314310117,20.475803814310115,24.920728185689885,27.021120185689885,34.50200506431034,48.27589918568989,24.72973266924219,14.291163902365362,1.7389880000000009,2.6892673100000004,15.373467649999998,24.0354585,35.243221250000005,45.2630259,47.527751299999984,54.91339268,63.470957999999996,166150.5,87.468152,0.9237235011580888,1.5379707836344243,-4.067409889033415,0.6505264999999998,1.0884621999999997,1.6369452,2.3980186,6.105593000000001,19.9537257,1145772.1838488532,1.9034093894741206,20948014.079069883,3.3508910007376476,523657217.6727824,5.008516262650004,15457169947.512804,6.731389509149909,504566480011.4005,8.43450373176124
train58.csv,581120.0,-2.8718219804199823,3.1134811558490036,4.2356966835516205,-23.079866,20.692476,43.772341999999995,-0.9326323739665261,0.9313061272443139,0.5555738273881295,0.5555738275711369,0.4220059670984876,8.5078635,0.03766010059901673,-14.576254,-12.807503,-11.935883,-9.002136,-7.586285,-4.5930133,-1.8973684,-0.84292054,0.16475748,1.0236223,2.6775749,3.3238494,4.97355,1.950789019580018,3.179561019580018,5.041852019580018,6.327477280419982,9.136340519580017,10.003709019580018,11.891510019580018,15.80380138281983,9.370316036421876,7.2605030983482335,2.07062957,2.3618781615000004,2.72115561,8.7119507,12.211186675,15.66875503,21.238832544999998,39.393663110000006,42.020596999999995,171693.0,43.772341999999995,0.7141691437458313,0.9047566103221001,-2.761433284796121,0.44218780000000013,0.8716202700000001,1.4158515999999999,1.96008253,4.039216,9.8216715,188673.26061021432,1.0319355844629103,1703992.0730497416,1.7749198452119666,23705224.347613707,2.679281196347487,391053365.25612223,3.627275755327989,6990634525.790926,4.555517459846198
train59.csv,581120.0,-4.1601134178562,8.937519964370978,9.858286198064905,-36.680332,25.17069,61.851022,-0.10021919996086823,1.1277342712270153,0.6393203669285968,0.6393203670302224,0.4997046879879336,6.4967597,0.06273585960878925,-34.51191,-28.338287,-27.45391,-22.147657,-14.103241,-7.2748404,-4.1157484,-0.53997934,8.903282,13.571765,16.280165,17.457916,20.285366,3.2252739821437997,8.2928692178562,17.7664495821438,20.0539215821438,23.510641582143798,24.582094582143803,30.3517965821438,31.5423015821438,12.088249760781249,8.249340328322589,2.7169036999999996,2.9018573199999995,3.0442929999999997,12.43015505,17.976634787499997,22.68210899,26.68794784499999,29.688660388000002,35.158184000000006,176300.5,61.851022,0.8235594583647238,0.8977809778284445,-4.154333143963455,0.6505263599999999,1.088462354,1.6326935999999999,2.0663776,3.5885242,9.400743,228211.5941098972,1.089836595355152,3037637.690942545,2.037373285176593,65242895.638709396,3.2632920036811823,1611075068.475286,4.572394624401314,42007476945.38469,5.863450908474872
train60.csv,581120.0,-0.5679753604584992,2.9962477681142414,3.0496059906187116,-26.675299,22.888002,49.563300999999996,-1.2002437305450269,2.068055194014038,0.6141324948962412,0.6141324950368257,0.47811476368734457,8.622662300000002,0.05633441687502904,-14.123968,-11.177466,-9.740356,-6.696063,-5.3737516,-1.7682198,0.39169762,1.280325,2.0328946,2.8024716,5.098447,5.761729,7.0627813,1.7335016604584992,2.711417060458499,5.2564676395415,6.234382639541501,9.184327759541244,10.703031639541502,13.6665396395415,17.174278639541498,9.6667134354375,7.715137990099321,2.07062955,2.2874715410000004,2.58828687,8.8395047,12.6831375,16.560359449999996,20.986701464999992,39.73410505000002,41.586914,171804.0,49.563300999999996,0.8086004207097215,0.9308912239541682,-0.42806897852297093,0.6505261999999999,1.0842105999999998,1.52639843,2.0663780000000003,4.1497627,10.0470173,208002.68936674652,1.0658069790438645,1892547.875077072,1.821811339272724,27410374.672301985,2.757886190369727,480688701.62252057,3.7538055656318954,9287679093.053658,4.743783358004199
train61.csv,581120.0,-0.2008813702499811,8.723115161305946,8.725427865859597,-31.943287,33.445236,65.388523,0.16749528851516185,0.4509557208010331,0.5466202568624176,0.5466202568892318,0.4269870296192415,12.6831377,0.012752981747284118,-20.884338,-18.928509,-18.27373,-16.326405,-14.2557745,-2.8694377,-1.3642982,4.4861865,10.455723,17.39467,21.837807,22.275743,23.249407,3.650723629750019,9.726553629750018,16.338112629750018,18.57346637024998,22.042939370249982,22.47662437024998,23.450288370249982,24.861888370249982,11.108009179984375,9.100814671113733,1.6326936,1.743240582,2.663756345,9.277440200000001,15.4797623,22.81689179,26.74428459999998,39.781766940000026,52.050610000000006,171835.5,65.388523,0.7219994578108249,0.8794497181743567,-0.24548114599656642,0.5442312,0.8716203,1.30530448,1.849534000000002,3.907409,9.434757600000001,230510.66713028395,1.102874373597037,3337614.959897045,2.099330597462188,73887585.24002174,3.362727817301674,1873266114.6427453,4.708845389821696,50607736022.60776,6.0436676527673105
train62.csv,581120.0,-2.077740382822966,3.4573337253579157,4.0336288360371695,-30.442932,22.15616,52.599092,-1.1806389543858058,1.4245726556231748,0.6407286299264537,0.6407286302004418,0.504382683139708,9.592075000000001,0.04510435900392174,-15.604128,-13.299648,-12.10064,-9.791909,-7.8190713,-3.2526317,-1.0842105,0.004251806,1.1862539,2.1514137,3.8478844,4.4856553,5.9015064,1.8694018828229662,3.2895050828229664,6.115489617177033,7.731176617177033,10.035655617177033,11.240637487177153,13.636934617177033,17.124241676747083,9.396192268890625,7.792787078895495,1.9600825,2.0706295399999997,2.61060874,8.55250758,12.166543189999999,16.194278809999997,20.194590374999994,39.64179818000001,44.405860000000004,174925.0,52.599092,0.8378058037543633,0.9276436393703121,-1.9488814011105902,0.6547780999999999,1.08846223,1.5263982999999994,2.0663781,4.2518063,10.259606999999999,221406.15664515167,1.081714380967407,2089805.6791279367,1.8591460388085728,31191161.599589676,2.8199144516452233,562132302.322525,3.841472925184489,11197925519.119051,4.859731125565982
train63.csv,581120.0,2.4753409510687208,2.9379934120522764,3.841759767775749,-14.962105,22.458038,37.420142999999996,0.24236356723419664,1.3568456723137672,0.5504087934614833,0.5504087934823466,0.42768135459891005,5.78245643,0.06736141822931276,-9.179649,-6.0120535,-4.604706,-1.9685862,-0.99492264,0.7610733,2.257709,4.090237,6.2969246,7.7127757,10.12355,11.318308,13.716326,1.6292316210687208,3.172637151068721,4.801078651068721,5.998508048931279,8.70423665106872,9.90324595106872,12.564182835714671,15.93923104893128,13.33030862086719,8.02886626053329,2.0663776,2.2874715867999997,6.480815274999999,12.831950800000001,18.799360200000002,23.434253419999997,27.97220724999998,32.883383110000004,36.561279,174980.0,37.420142999999996,0.7101776234517202,0.969096448541414,2.464869956612013,0.5442310000000001,0.8716202,1.3095562,1.7432406,4.0349639999999996,12.555583,251332.94021363137,1.1282889457368552,2111072.499488699,1.8637114957252496,23765137.9054934,2.670486490640601,310883577.79056907,3.4801788352635734,4452686030.671267,4.259672765940769
train64.csv,581120.0,4.59035704894101,6.6629947883108125,8.091160447415406,-27.402357,51.983112,79.385469,0.2857599392289468,0.17193427988391097,0.7063373209086644,0.7063373209981849,0.5337574563616677,13.0870585,0.030233050373503535,-13.286362,-10.790552,-9.476745,-6.4196954,-4.6849585,1.6842467,3.5295303,8.669964,13.474504,17.63277,20.711079,21.582699,23.50147919100133,3.186727951058989,8.00827495105899,11.72860695105899,13.73971204894101,16.558656951058992,17.34949504894101,19.692239951058987,26.24427295105899,15.698531375312498,12.171025288832709,1.8495359999999996,1.960083,4.226295035,15.2299689,22.200804925,27.6171795,39.41105304999997,54.81615177000005,66.085822,165207.0,79.385469,0.9387513824578742,1.4318197968014281,4.528399209182492,0.6505265000000016,1.0884619999999998,1.6326940000000008,2.6233629999999994,6.9517023,16.3439424,702286.3778871417,1.6199263379761835,9422508.313136557,2.7481125857327036,200257671.8949022,4.137253610270729,5460048191.862963,5.664931618273551,171010421740.8779,7.232440611412458
